,start,end,End,Start
0,,,"[datetime.datetime(2022, 11, 3, 21, 13, 30, 804263)]","[datetime.datetime(2022, 11, 3, 21, 13, 28, 687986)]"
1,,,"[datetime.datetime(2022, 11, 3, 21, 13, 35, 828063)]","[datetime.datetime(2022, 11, 3, 21, 13, 34, 835802)]"
2,,,"[datetime.datetime(2022, 11, 3, 21, 13, 38, 340193)]","[datetime.datetime(2022, 11, 3, 21, 13, 35, 939503)]"
3,,,"[datetime.datetime(2022, 11, 3, 21, 13, 40, 867335)]","[datetime.datetime(2022, 11, 3, 21, 13, 38, 627920)]"
4,,,"[datetime.datetime(2022, 11, 3, 21, 13, 41, 91510)]","[datetime.datetime(2022, 11, 3, 21, 13, 40, 932463)]"
5,,,"[datetime.datetime(2022, 11, 3, 21, 13, 43, 396578)]","[datetime.datetime(2022, 11, 3, 21, 13, 41, 172342)]"
6,,,"[datetime.datetime(2022, 11, 3, 21, 13, 45, 924158)]","[datetime.datetime(2022, 11, 3, 21, 13, 43, 492259)]"
7,,,"[datetime.datetime(2022, 11, 3, 21, 13, 48, 468098)]","[datetime.datetime(2022, 11, 3, 21, 13, 46, 99737)]"
8,,,"[datetime.datetime(2022, 11, 3, 21, 13, 50, 996317)]","[datetime.datetime(2022, 11, 3, 21, 13, 48, 628482)]"
9,,,"[datetime.datetime(2022, 11, 3, 21, 13, 53, 523433)]","[datetime.datetime(2022, 11, 3, 21, 13, 51, 28491)]"
10,,,"[datetime.datetime(2022, 11, 3, 21, 13, 56, 52178)]","[datetime.datetime(2022, 11, 3, 21, 13, 53, 620090)]"
11,,,"[datetime.datetime(2022, 11, 3, 21, 13, 58, 579602)]","[datetime.datetime(2022, 11, 3, 21, 13, 56, 84511)]"
12,,,"[datetime.datetime(2022, 11, 3, 21, 14, 1, 92351)]","[datetime.datetime(2022, 11, 3, 21, 13, 58, 628246)]"
13,,,"[datetime.datetime(2022, 11, 3, 21, 14, 3, 619570)]","[datetime.datetime(2022, 11, 3, 21, 14, 1, 124266)]"
14,,,"[datetime.datetime(2022, 11, 3, 21, 14, 6, 147520)]","[datetime.datetime(2022, 11, 3, 21, 14, 3, 652449)]"
15,,,"[datetime.datetime(2022, 11, 3, 21, 14, 7, 45049)]","[datetime.datetime(2022, 11, 3, 21, 14, 6, 180541)]"
